date,deaths weekly change,+2 Sigma,-2 Sigma
2020-01-22,,,
2020-01-23,,,
2020-01-24,,,
2020-01-25,,,
2020-01-26,,,
2020-01-27,,,
2020-01-28,,,
2020-01-29,116.0,,
2020-01-30,153.0,,
2020-01-31,187.0,,
2020-02-01,217.0,,
2020-02-02,306.0,,
2020-02-03,344.0,,
2020-02-04,361.0,,
2020-02-05,431.0,,
2020-02-06,463.0,,
2020-02-07,506.0,,
2020-02-08,547.0,,
2020-02-09,544.0,,
2020-02-10,587.0,,
2020-02-11,621.0,,
2020-02-12,554.0,,
2020-02-13,737.0,,
2020-02-14,804.0,,
2020-02-15,860.0,,
2020-02-16,864.0,,
2020-02-17,855.0,,
2020-02-18,895.0,,
2020-02-19,1005.0,,
2020-02-20,877.0,,
2020-02-21,729.0,,
2020-02-22,793.0,,
2020-02-23,700.0,,
2020-02-24,762.0,726.0723582100054,363.0361791050027
2020-02-25,702.0,750.8972236353021,375.44861181765106
2020-02-26,648.0,773.9735417986178,386.9867708993089
2020-02-27,566.0,795.0632498710733,397.5316249355366
2020-02-28,621.0,809.4953769473758,404.7476884736879
2020-02-29,483.0,821.9676092318051,410.98380461590256
2020-03-01,526.0,826.8480204741003,413.42401023705014
2020-03-02,455.0,829.3360508431546,414.6680254215773
2020-03-03,450.0,830.2690710516674,415.1345355258337
2020-03-04,484.0,831.7452691432542,415.8726345716271
2020-03-05,534.0,834.1202803842118,417.0601401921059
2020-03-06,588.0,838.2505643363008,419.1252821681504
2020-03-07,623.0,844.7342355696992,422.3671177848496
2020-03-08,809.0,855.8079735029457,427.90398675147287
2020-03-09,910.0,871.9754405750571,435.98772028752853
2020-03-10,1111.0,896.0169600244487,448.00848001222437
2020-03-11,1361.0,934.5044777377007,467.2522388688503
2020-03-12,1578.0,980.7051252049852,490.3525626024926
2020-03-13,1956.0,1038.4343939615608,519.2171969807804
2020-03-14,2273.0,1105.0696204486478,552.5348102243239
2020-03-15,2677.0,1189.4570828770707,594.7285414385353
2020-03-16,3181.0,1295.070471682787,647.5352358413935
2020-03-17,3716.0,1426.1030667988834,713.0515333994417
2020-03-18,4291.0,1593.0648677812917,796.5324338906458
2020-03-19,5094.0,1795.015904942211,897.5079524711055
2020-03-20,6100.0,2050.0312813938067,1025.0156406969033
2020-03-21,7407.0,2362.355393968414,1181.177696984207
2020-03-22,8449.0,2735.9455935504457,1367.9727967752228
2020-03-23,9712.0,3170.8093095647882,1585.4046547823941
2020-03-24,11211.0,3672.0057626223384,1836.0028813111692
2020-03-25,13118.0,4252.2154774393775,2126.1077387196888
2020-03-26,15047.0,4917.057439872972,2458.528719936486
2020-03-27,17038.0,5686.179863544801,2843.0899317724006
2020-03-28,19104.0,6566.74878168338,3283.37439084169
2020-03-29,20923.0,7540.340497184535,3770.1702485922674
2020-03-30,23056.0,8594.292430872532,4297.146215436266
2020-03-31,25488.0,9733.977090804792,4866.988545402396
2020-04-01,28672.0,11004.407236528985,5502.203618264492
2020-04-02,31539.0,12418.058916274991,6209.029458137496
2020-04-03,34203.0,13980.836591752051,6990.418295876026
2020-04-04,36391.0,15677.003416237392,7838.501708118696
2020-04-05,38140.0,17431.214827144147,8715.607413572074
2020-04-06,39994.0,19201.507716207212,9600.753858103606
2020-04-07,43557.0,21031.38090699178,10515.69045349589
2020-04-08,44371.0,22926.91247950047,11463.456239750236
2020-04-09,46336.0,24921.145860978464,12460.572930489232
2020-04-10,47604.0,27012.625025406483,13506.312512703242
2020-04-11,47904.0,29150.023682243365,14575.011841121683
2020-04-12,48596.0,31230.843051725584,15615.421525862792
2020-04-13,48675.0,33177.55693618544,16588.77846809272
2020-04-14,47453.0,35049.37027284915,17524.685136424574
2020-04-15,49178.0,36903.78854968762,18451.89427484381
2020-04-16,48730.0,38788.80262362742,19394.40131181371
2020-04-17,49825.0,40759.04228543811,20379.521142719055
2020-04-18,49743.0,42735.015975397495,21367.507987698747
2020-04-19,49154.0,44612.771100059035,22306.385550029518
2020-04-20,49181.0,46315.02390865579,23157.511954327896
2020-04-21,49475.0,47844.05585156827,23922.027925784136
2020-04-22,47972.0,49254.27872731768,24627.13936365884
2020-04-23,47550.0,50571.47447797349,25285.737238986745
2020-04-24,45963.0,51860.605168545146,25930.302584272573
2020-04-25,45639.0,53070.043259329665,26535.021629664832
2020-04-26,44543.0,54101.89462826182,27050.94731413091
2020-04-27,43443.0,54901.42422306262,27450.71211153131
2020-04-28,42878.0,55528.606180532195,27764.303090266098
2020-04-29,42786.0,56007.51326434881,28003.756632174405
2020-04-30,41829.0,56364.81133063395,28182.405665316976
2020-05-01,40375.0,56617.72415089181,28308.862075445904
2020-05-02,40335.0,56787.43805506808,28393.71902753404
2020-05-03,39929.0,56822.62244943525,28411.311224717625
2020-05-04,39554.0,56690.59361400319,28345.296807001596
2020-05-05,38858.0,56407.73387192381,28203.866935961905
2020-05-06,38780.0,56075.50021672629,28037.750108363143
2020-05-07,38426.0,55689.032480503396,27844.516240251698
2020-05-08,38862.0,55257.25665462939,27628.628327314695
2020-05-09,37629.0,54812.79168488017,27406.395842440084
2020-05-10,37796.0,54346.24011736836,27173.12005868418
2020-05-11,37141.0,53846.97362754621,26923.486813773106
2020-05-12,36907.0,53299.14972955673,26649.574864778366
2020-05-13,35513.0,52722.73283995798,26361.36641997899
2020-05-14,35388.0,52111.667340712636,26055.833670356318
2020-05-15,35114.0,51451.0200547793,25725.51002738965
2020-05-16,35068.0,50775.71974357118,25387.85987178559
2020-05-17,34619.0,50103.28636949647,25051.643184748234
2020-05-18,34857.0,49436.99652343647,24718.498261718236
2020-05-19,34106.0,48810.8746600538,24405.4373300269
2020-05-20,33818.0,48196.203155634284,24098.101577817142
2020-05-21,33331.0,47604.32568429799,23802.162842148995
2020-05-22,33373.0,47024.13476231123,23512.067381155615
2020-05-23,33120.0,46467.41952073933,23233.709760369664
2020-05-24,33026.0,45966.08395001321,22983.041975006607
2020-05-25,30481.0,45465.13021153886,22732.56510576943
2020-05-26,30014.0,44930.07372882222,22465.03686441111
2020-05-27,30212.0,44365.09466224845,22182.547331124224
2020-05-28,30142.0,43792.989890971985,21896.494945485993
2020-05-29,29619.0,43279.70564599328,21639.85282299664
2020-05-30,29700.0,42819.859965774216,21409.929982887108
2020-05-31,29380.0,42467.80692046245,21233.903460231224
2020-06-01,31271.0,42168.33802515889,21084.169012579445
2020-06-02,31810.0,41886.46089222568,20943.23044611284
2020-06-03,32257.0,41595.34111710066,20797.67055855033
2020-06-04,32673.0,41314.687951280095,20657.343975640048
2020-06-05,32580.0,41062.931089919504,20531.465544959752
2020-06-06,32413.0,40831.815009687714,20415.907504843857
2020-06-07,32441.0,40621.70725689095,20310.853628445475
2020-06-08,33103.0,40451.67816787512,20225.83908393756
2020-06-09,33101.0,40306.13846893322,20153.06923446661
2020-06-10,32735.0,40180.75288616897,20090.376443084486
2020-06-11,32373.0,40077.158490080685,20038.579245040342
2020-06-12,32118.0,39962.22328854987,19981.111644274933
2020-06-13,32362.0,39849.49928798482,19924.74964399241
2020-06-14,32818.0,39734.217244149804,19867.108622074902
2020-06-15,32489.0,39636.80988150593,19818.404940752964
2020-06-16,34412.0,39622.17792902253,19811.088964511266
2020-06-17,34497.0,39700.18935387652,19850.09467693826
2020-06-18,34745.0,39844.50701314459,19922.253506572295
2020-06-19,36319.0,40024.16603107484,20012.08301553742
2020-06-20,36374.0,40210.17828161864,20105.08914080932
2020-06-21,37330.0,40407.56706701377,20203.783533506885
2020-06-22,37233.0,40614.91776191987,20307.458880959934
2020-06-23,35682.0,40886.93973477678,20443.46986738839
2020-06-24,35662.0,41184.505424740135,20592.252712370067
2020-06-25,35394.0,41454.29478779912,20727.14739389956
2020-06-26,34094.0,41665.984364423995,20832.992182211998
2020-06-27,34370.0,41801.086881290204,20900.543440645102
2020-06-28,33284.0,41870.42307793441,20935.211538967204
2020-06-29,33565.0,41933.18077890823,20966.590389454115
2020-06-30,33200.0,42007.411954316995,21003.705977158497
2020-07-01,32978.0,42064.9789300844,21032.4894650422
2020-07-02,33369.0,42099.31036256244,21049.65518128122
2020-07-03,33596.0,42110.6115177619,21055.30575888095
2020-07-04,33614.0,42125.68776815883,21062.843884079415
2020-07-05,33948.0,42164.526531743075,21082.263265871537
2020-07-06,34092.0,42235.77816242185,21117.889081210924
2020-07-07,35223.0,42369.36030338581,21184.680151692904
2020-07-08,35571.0,42522.88651640085,21261.443258200426
2020-07-09,35940.0,42689.24314757074,21344.62157378537
2020-07-10,36276.0,42868.07041858282,21434.03520929141
2020-07-11,36700.0,43064.34622003191,21532.173110015956
2020-07-12,37136.0,43280.05515923118,21640.02757961559
2020-07-13,37290.0,43484.20646720107,21742.103233600534
2020-07-14,36955.0,43635.159797670705,21817.579898835353
2020-07-15,37146.0,43722.22542310671,21861.112711553356
2020-07-16,37522.0,43781.80532236191,21890.902661180957
2020-07-17,38922.0,43844.574106115884,21922.287053057942
2020-07-18,40257.0,43981.294167895125,21990.647083947562
2020-07-19,40867.0,44182.33311976165,22091.166559880825
2020-07-20,40366.0,44440.010352839294,22220.005176419647
2020-07-21,40761.0,44694.79051428343,22347.395257141714
2020-07-22,42261.0,44963.21764158279,22481.608820791396
2020-07-23,42701.0,45264.05076431177,22632.025382155884
2020-07-24,42114.0,45591.39210639919,22795.696053199594
2020-07-25,41694.0,45987.32442637527,22993.662213187636
2020-07-26,41128.0,46412.624656163964,23206.312328081982
2020-07-27,42543.0,46827.451518783215,23413.725759391607
2020-07-28,42867.0,47216.83811800044,23608.41905900022
2020-07-29,42519.0,47611.775696975295,23805.887848487648
2020-07-30,42539.0,48016.206480531124,24008.103240265562
2020-07-31,42663.0,48431.28206801466,24215.64103400733
2020-08-01,42627.0,48859.57111322131,24429.785556610655
2020-08-02,42959.0,49266.48034220138,24633.24017110069
2020-08-03,42507.0,49626.63719929238,24813.31859964619
2020-08-04,42780.0,49932.87833196576,24966.43916598288
2020-08-05,43259.0,50238.569077690234,25119.284538845117
2020-08-06,43507.0,50548.46440468944,25274.23220234472
2020-08-07,43623.0,50869.86039803852,25434.93019901926
2020-08-08,43577.0,51205.16275777553,25602.581378887764
2020-08-09,44042.0,51543.30766314099,25771.653831570497
2020-08-10,44665.0,51871.59021778423,25935.795108892115
2020-08-11,44278.0,52155.89099652663,26077.945498263314
2020-08-12,43735.0,52432.938714964395,26216.469357482198
2020-08-13,43681.0,52699.2340909509,26349.61704547545
2020-08-14,43649.0,52918.9908505017,26459.49542525085
2020-08-15,43541.0,53059.71618086583,26529.858090432914
2020-08-16,43239.0,53123.31792440139,26561.658962200694
2020-08-17,42359.0,53149.73778206217,26574.868891031085
2020-08-18,42818.0,53164.31642231608,26582.15821115804
2020-08-19,42978.0,53186.933005668,26593.466502834
2020-08-20,42548.0,53231.22024913151,26615.610124565756
2020-08-21,41611.0,53255.866991515926,26627.933495757963
2020-08-22,41455.0,53231.82687753776,26615.91343876888
2020-08-23,41034.0,53162.09344827039,26581.046724135194
2020-08-24,41224.0,53057.33716592571,26528.668582962855
2020-08-25,40789.0,52959.8717993956,26479.9358996978
2020-08-26,40243.0,52867.064810442775,26433.532405221387
2020-08-27,40055.0,52779.882838977624,26389.941419488812
2020-08-28,40188.0,52669.80207541308,26334.90103770654
2020-08-29,40009.0,52534.28163370207,26267.140816851035
2020-08-30,40028.0,52396.36148547696,26198.18074273848
2020-08-31,39694.0,52251.20089637271,26125.600448186357
2020-09-01,39691.0,52114.611249096044,26057.305624548022
2020-09-02,39424.0,51960.26613657627,25980.133068288134
2020-09-03,39276.0,51784.472821574534,25892.236410787267
2020-09-04,39301.0,51576.651930806656,25788.325965403328
2020-09-05,38829.0,51334.41593060693,25667.207965303463
2020-09-06,38548.0,51066.58283740884,25533.29141870442
2020-09-07,43761.0,50954.42541960706,25477.21270980353
2020-09-08,42239.0,50943.302338389985,25471.651169194993
2020-09-09,42180.0,50977.03601261742,25488.51800630871
2020-09-10,42129.0,51007.24440945128,25503.62220472564
2020-09-11,42271.0,50995.17306148984,25497.58653074492
2020-09-12,42177.0,50890.58194025794,25445.29097012897
2020-09-13,42029.0,50628.76388937341,25314.381944686706
2020-09-14,36963.0,50412.04125973229,25206.020629866143
2020-09-15,38459.0,50219.73899945059,25109.869499725293
2020-09-16,38134.0,50028.69480099909,25014.347400499544
2020-09-17,37713.0,49829.01787024399,24914.508935121994
2020-09-18,37502.0,49649.26605161584,24824.63302580792
2020-09-19,37834.0,49481.10449666495,24740.552248332475
2020-09-20,37819.0,49313.59302716954,24656.79651358477
2020-09-21,37629.0,49170.49463489299,24585.247317446494
2020-09-22,37222.0,49058.300810490226,24529.150405245113
2020-09-23,36934.0,48929.865973061045,24464.932986530523
2020-09-24,37914.0,48799.903508886804,24399.951754443402
2020-09-25,38040.0,48698.26102360182,24349.13051180091
2020-09-26,38215.0,48626.409315293386,24313.204657646693
2020-09-27,38082.0,48567.211002789394,24283.605501394697
2020-09-28,37766.0,48516.00897808122,24258.00448904061
2020-09-29,37633.0,48454.89761498089,24227.448807490444
2020-09-30,38544.0,48370.79656321693,24185.398281608464
2020-10-01,40772.0,48392.032476612505,24196.016238306252
2020-10-02,39868.0,48465.074380832266,24232.537190416133
2020-10-03,39751.0,48587.0577735509,24293.52888677545
2020-10-04,39941.0,48724.48879060112,24362.24439530056
2020-10-05,42918.0,48757.37950590043,24378.689752950217
2020-10-06,42704.0,48694.723398699374,24347.361699349687
2020-10-07,42076.0,48530.23300916813,24265.116504584064
2020-10-08,39633.0,48401.28076859909,24200.640384299546
2020-10-09,40804.0,48303.85407589106,24151.92703794553
2020-10-10,40273.0,48259.82574195503,24129.912870977514
2020-10-11,40375.0,48298.298769941386,24149.149384970693
2020-10-12,37446.0,48303.30463943,24151.652319715
2020-10-13,36972.0,48261.01195406467,24130.505977032335
2020-10-14,37263.0,48179.87270266578,24089.93635133289
2020-10-15,36985.0,48104.394852525125,24052.197426262563
2020-10-16,37098.0,48068.16784627303,24034.083923136513
2020-10-17,37861.0,48075.89852063257,24037.949260316283
2020-10-18,37388.0,48122.44066700804,24061.22033350402
2020-10-19,38220.0,48214.387008325415,24107.193504162708
2020-10-20,39484.0,48303.9690822182,24151.9845411091
2020-10-21,40098.0,48419.71494261074,24209.85747130537
2020-10-22,39957.0,48524.79248884465,24262.396244422325
2020-10-23,40715.0,48657.73083381433,24328.865416907163
2020-10-24,40935.0,48810.93285244452,24405.46642622226
2020-10-25,41539.0,48956.80308510106,24478.40154255053
2020-10-26,42241.0,49131.092267992724,24565.546133996362
2020-10-27,43044.0,49353.21020039885,24676.605100199424
2020-10-28,43450.0,49640.93398537121,24820.466992685604
2020-10-29,44673.0,49845.33039487543,24922.665197437716
2020-10-30,45210.0,50069.94270715546,25034.97135357773
2020-10-31,46012.0,50312.9477609952,25156.4738804976
2020-11-01,46864.0,50556.43860618076,25278.21930309038
2020-11-02,47468.0,50770.10088219087,25385.050441095435
2020-11-03,49453.0,51085.3859947718,25542.6929973859
2020-11-04,52389.0,51607.16366800924,25803.58183400462
2020-11-05,53325.0,52197.41035054151,26098.705175270756
2020-11-06,55456.0,52930.69259352683,26465.346296763415
2020-11-07,56448.0,53786.508481575744,26893.254240787872
2020-11-08,57369.0,54706.874131313474,27353.437065656737
2020-11-09,58408.0,55571.60090900171,27785.800454500855
2020-11-10,59007.0,56461.69661966224,28230.84830983112
2020-11-11,59367.0,57472.169059416796,28736.084529708398
2020-11-12,61040.0,58553.93679521036,29276.96839760518
2020-11-13,60927.0,59701.06253979165,29850.531269895826
2020-11-14,62448.0,60890.58495904365,30445.292479521824
2020-11-15,62999.0,62038.67776304782,31019.33888152391
2020-11-16,63670.0,63100.15105464149,31550.075527320743
2020-11-17,64732.0,64145.92473278911,32072.962366394557
2020-11-18,65644.0,65244.18913969601,32622.094569848006
2020-11-19,66983.0,66447.85913620221,33223.929568101106
2020-11-20,69166.0,67758.20068647525,33879.100343237624
2020-11-21,68964.0,69116.36902047328,34558.18451023664
2020-11-22,69790.0,70452.67246873706,35226.33623436853
2020-11-23,70376.0,71685.81751758214,35842.90875879107
2020-11-24,72012.0,72871.2858775125,36435.64293875625
2020-11-25,72736.0,74059.47162372712,37029.73581186356
2020-11-26,72580.0,75280.57036258314,37640.28518129157
2020-11-27,72165.0,76556.90064082017,38278.450320410084
2020-11-28,72458.0,77817.68986165717,38908.844930828585
2020-11-29,72375.0,78990.01849754376,39495.00924877188
2020-11-30,72775.0,80002.88588430305,40001.44294215152
2020-12-01,72786.0,80915.69665491182,40457.84832745591
2020-12-02,73315.0,81773.18056599631,40886.59028299816
2020-12-03,74872.0,82665.43861244583,41332.71930622291
2020-12-04,75988.0,83609.09489112436,41804.54744556218
2020-12-05,77002.0,84578.92464300677,42289.462321503386
2020-12-06,77301.0,85503.30583609857,42751.65291804929
2020-12-07,77123.0,86331.21034963371,43165.605174816854
2020-12-08,76722.0,87072.07897793109,43536.03948896554
2020-12-09,76710.0,87710.22953258456,43855.11476629228
2020-12-10,76864.0,88351.06881966439,44175.534409832195
2020-12-11,77446.0,89059.40141370063,44529.700706850315
2020-12-12,77792.0,89810.10358389256,44905.05179194628
2020-12-13,77904.0,90547.28073671475,45273.64036835737
2020-12-14,78259.0,91212.96641301701,45606.48320650851
2020-12-15,79812.0,91834.74361963768,45917.37180981884
2020-12-16,80932.0,92419.51055970858,46209.75527985429
2020-12-17,81704.0,93006.69904159303,46503.34952079652
2020-12-18,81526.0,93617.75217785338,46808.87608892669
2020-12-19,81794.0,94245.75947750457,47122.879738752286
2020-12-20,82087.0,94826.59686446973,47413.298432234864
2020-12-21,82622.0,95309.28284346047,47654.64142173024
2020-12-22,83004.0,95729.73203873176,47864.86601936588
2020-12-23,83096.0,96130.26252310189,48065.131261550945
2020-12-24,81418.0,96526.14222726932,48263.07111363466
2020-12-25,77142.0,96779.90964382925,48389.95482191462
2020-12-26,73729.0,96873.10816709898,48436.55408354949
2020-12-27,73410.0,96826.27660525194,48413.13830262597
2020-12-28,73497.0,96683.05287042032,48341.52643521016
2020-12-29,74363.0,96598.61306178356,48299.30653089178
2020-12-30,75877.0,96739.2265164155,48369.61325820775
2020-12-31,77580.0,97114.86289892103,48557.43144946051
2021-01-01,78978.0,97484.15195210364,48742.07597605182
2021-01-02,79635.0,97691.99306570797,48845.996532853984
2021-01-03,79526.0,97728.84370274609,48864.421851373045
2021-01-04,79982.0,97623.74298286483,48811.871491432415
2021-01-05,80335.0,97565.29026320063,48782.645131600315
2021-01-06,80022.0,97737.18544998368,48868.59272499184
2021-01-07,81686.0,98208.16015353416,49104.08007676708
2021-01-08,86816.0,98867.06514486021,49433.53257243011
2021-01-09,91672.0,99603.6953644145,49801.84768220725
2021-01-10,92739.0,100305.67175770889,50152.83587885444
2021-01-11,92883.0,100912.08004681,50456.040023405
2021-01-12,94595.0,101507.2205150813,50753.61025754065
2021-01-13,96381.0,102140.26299976077,51070.13149988039
2021-01-14,96901.0,102821.0017104422,51410.5008552211
2021-01-15,96889.0,103544.48353810285,51772.24176905143
2021-01-16,97456.0,104330.37427071009,52165.187135355045
2021-01-17,97793.0,105087.61895623666,52543.80947811833
2021-01-18,97205.0,105702.81296934975,52851.40648467487
2021-01-19,96951.0,106240.143657105,53120.0718285525
2021-01-20,98067.0,106825.43650992269,53412.71825496134
2021-01-21,99575.0,107576.20272080333,53788.10136040166
2021-01-22,100603.0,108628.90810752919,54314.454053764595
2021-01-23,100796.0,110022.59868207063,55011.299341035316
2021-01-24,100991.0,111574.81905559204,55787.40952779602
2021-01-25,102463.0,113063.83758119801,56531.918790599004
2021-01-26,103057.0,114333.47243150022,57166.73621575011
2021-01-27,102227.0,115292.27600995742,57646.13800497871
2021-01-28,102228.0,116046.58093161737,58023.290465808685
2021-01-29,101541.0,116841.95809162743,58420.979045813714
2021-01-30,101299.0,117851.47518783083,58925.737593915415
2021-01-31,100763.0,118948.41347570623,59474.206737853114
2021-02-01,100235.0,120005.24868585622,60002.62434292811
2021-02-02,97964.0,120877.17969313634,60438.58984656817
2021-02-03,96887.0,121457.86702742153,60728.93351371076
2021-02-04,92586.0,121667.83070304748,60833.91535152374
2021-02-05,94249.0,121717.93642558486,60858.96821279243
2021-02-06,91137.0,121663.75850411346,60831.87925205673
2021-02-07,90731.0,121543.6683361593,60771.83416807965
2021-02-08,89041.0,121355.9316397329,60677.96581986645
2021-02-09,89773.0,121084.73507778106,60542.36753889053
2021-02-10,87622.0,120729.34070469218,60364.67035234609
2021-02-11,88482.0,120222.78722404841,60111.39361202421
2021-02-12,84464.0,119682.38719132441,59841.193595662204
2021-02-13,84365.0,119031.94930953332,59515.97465476666
2021-02-14,82768.0,118319.83016659782,59159.91508329891
2021-02-15,81215.0,117569.40891519781,58784.704457598906
2021-02-16,76774.0,116726.19021803336,58363.09510901668
2021-02-17,74728.0,115664.98403694328,57832.49201847164
2021-02-18,72821.0,114387.27893468438,57193.63946734219
2021-02-19,71400.0,112966.35061916886,56483.17530958443
2021-02-20,69927.0,111423.15279239825,55711.576396199125
2021-02-21,69706.0,109891.19293052191,54945.596465260955
2021-02-22,69708.0,108489.00398318132,54244.50199159066
2021-02-23,69843.0,107153.46927008926,53576.73463504463
2021-02-24,70396.0,105821.18055893353,52910.59027946676
2021-02-25,69220.0,104386.38059992313,52193.19029996156
2021-02-26,68210.0,102863.20729335774,51431.60364667887
2021-02-27,67976.0,101245.52954216863,50622.764771084316
2021-02-28,67738.0,99685.52624776552,49842.76312388276
2021-03-01,68173.0,98286.67020073204,49143.33510036602
2021-03-02,66825.0,96990.97004218264,48495.48502109132
2021-03-03,66138.0,95795.16332222393,47897.581661111966
2021-03-04,65773.0,94660.70886960802,47330.35443480401
2021-03-05,65751.0,93449.71199900714,46724.85599950357
2021-03-06,65208.0,92191.19019481438,46095.59509740719
2021-03-07,64912.0,90976.98267987525,45488.491339937624
2021-03-08,64211.0,89906.02366246577,44953.011831232885
2021-03-09,64504.0,88864.95167797734,44432.47583898867
2021-03-10,62820.0,87811.21556612778,43905.60778306389
2021-03-11,62764.0,86790.05163366698,43395.02581683349
2021-03-12,62167.0,85702.66057229818,42851.33028614909
2021-03-13,62542.0,84625.63319413233,42312.816597066165
2021-03-14,62658.0,83661.51577757309,41830.757888786546
2021-03-15,62960.0,82958.79515713603,41479.397578568016
2021-03-16,62862.0,82461.72775255445,41230.863876277224
2021-03-17,63106.0,82104.8110867669,41052.40554338345
2021-03-18,63904.0,81827.69874861753,40913.84937430877
2021-03-19,64863.0,81567.80220357317,40783.901101786585
2021-03-20,65101.0,81311.7840840147,40655.89204200735
2021-03-21,67280.0,81134.2097941496,40567.1048970748
2021-03-22,67844.0,81085.23255274167,40542.616276370834
2021-03-23,68805.0,81145.34829243972,40572.67414621986
2021-03-24,68911.0,81182.92728115979,40591.463640579896
2021-03-25,69577.0,81213.77423705717,40606.88711852858
2021-03-26,71394.0,81283.03786242423,40641.518931212115
2021-03-27,72837.0,81395.8828038621,40697.94140193105
2021-03-28,71987.0,81602.31698017423,40801.15849008712
2021-03-29,72430.0,81912.98456125637,40956.49228062818
2021-03-30,73017.0,82335.43723819604,41167.71861909802
2021-03-31,75415.0,82738.13172789171,41369.065863945856
2021-04-01,76149.0,83137.98213725597,41568.99106862798
2021-04-02,73973.0,83513.94602806147,41756.97301403074
2021-04-03,72967.0,83878.45832963796,41939.22916481898
2021-04-04,73113.0,84247.34552761388,42123.67276380694
2021-04-05,72353.0,84575.58292243523,42287.79146121762
2021-04-06,72866.0,84915.83428969646,42457.91714484823
2021-04-07,75382.0,85410.51034425334,42705.25517212667
2021-04-08,77797.0,86167.76033084534,43083.88016542267
2021-04-09,80989.0,87129.71565284378,43564.85782642189
2021-04-10,84706.0,88272.32681339692,44136.16340669846
2021-04-11,86746.0,89540.40839025125,44770.204195125625
2021-04-12,88913.0,90788.37389657057,45394.186948285285
2021-04-13,90136.0,91916.48400133473,45958.242000667364
2021-04-14,88902.0,92980.96105124037,46490.48052562019
2021-04-15,87743.0,93988.68541700517,46994.34270850258
2021-04-16,87101.0,94920.31329308948,47460.15664654474
2021-04-17,86808.0,95855.05765177203,47927.52882588602
2021-04-18,86512.0,96742.40743071624,48371.20371535812
2021-04-19,87533.0,97568.51165148373,48784.255825741864
2021-04-20,88011.0,98352.45425787238,49176.22712893619
2021-04-21,88861.0,99204.0515920821,49602.02579604105
2021-04-22,89090.0,100090.6565075071,50045.32825375355
2021-04-23,91030.0,100968.89738230962,50484.44869115481
2021-04-24,91727.0,101893.35692074981,50946.678460374904
2021-04-25,93123.0,102813.82741485792,51406.91370742896
2021-04-26,93869.0,103726.66615986868,51863.33307993434
2021-04-27,94536.0,104615.5702025456,52307.7851012728
2021-04-28,95619.0,105552.48914744282,52776.24457372141
2021-04-29,97479.0,106520.99826249924,53260.49913124962
2021-04-30,96303.0,107498.91723899587,53749.458619497935
2021-05-01,96327.0,108514.30923570362,54257.15461785181
2021-05-02,95921.0,109541.90792184277,54770.95396092138
2021-05-03,96045.0,110604.73942738619,55302.36971369309
2021-05-04,95114.0,111620.94310991767,55810.471554958836
2021-05-05,93982.0,112455.31600631443,56227.658003157216
2021-05-06,92862.0,113044.46131610774,56522.23065805387
2021-05-07,93246.0,113406.1755736849,56703.08778684245
2021-05-08,93270.0,113611.43098112184,56805.71549056092
2021-05-09,93498.0,113708.76591477593,56854.38295738796
2021-05-10,92829.0,113831.44190443761,56915.720952218806
2021-05-11,93020.0,114020.69258741038,57010.34629370519
2021-05-12,91977.0,114215.66311852305,57107.831559261525
2021-05-13,91035.0,114372.05285340361,57186.02642670181
2021-05-14,89695.0,114470.8330464688,57235.4165232344
2021-05-15,88607.0,114496.05507990973,57248.02753995486
2021-05-16,88397.0,114498.18644448297,57249.093222241485
2021-05-17,88468.0,114517.60556291617,57258.802781458086
2021-05-18,88432.0,114561.09778347025,57280.548891735125
2021-05-19,88157.0,114565.06247900856,57282.53123950428
2021-05-20,87519.0,114510.28539576312,57255.14269788156
2021-05-21,87469.0,114334.37442985506,57167.18721492753
2021-05-22,86786.0,114012.95994249,57006.479971245
2021-05-23,86288.0,113611.62888967144,56805.81444483572
2021-05-24,84188.0,113130.63169614629,56565.31584807314
2021-05-25,83201.0,112611.23035487023,56305.61517743512
2021-05-26,82373.0,112007.62784751598,56003.81392375799
2021-05-27,82331.0,111338.97977222245,55669.48988611122
2021-05-28,81287.0,110612.4789433174,55306.2394716587
2021-05-29,80508.0,109835.50459591227,54917.75229795613
2021-05-30,79051.0,109075.7470776027,54537.87353880135
2021-05-31,78683.0,108305.93159733618,54152.96579866809
2021-06-01,80804.0,107684.39064782523,53842.195323912616
2021-06-02,79888.0,107122.79609019675,53561.39804509837
2021-06-03,76788.0,106493.66486026741,53246.832430133705
2021-06-04,75784.0,105770.83993708927,52885.41996854464
2021-06-05,74206.0,104906.13348669419,52453.066743347095
2021-06-06,73130.0,103918.81959048759,51959.409795243795
2021-06-07,72495.0,102778.29478001285,51389.14739000642
2021-06-08,67545.0,101649.70475132577,50824.852375662886
2021-06-09,66190.0,100570.3886806868,50285.1943403434
2021-06-10,72285.0,99710.69032391545,49855.345161957724
2021-06-11,73246.0,99070.66692881251,49535.333464406256
2021-06-12,73847.0,98555.7657793828,49277.8828896914
2021-06-13,75894.0,98158.11527386909,49079.05763693454
2021-06-14,75703.0,97788.21454346276,48894.10727173138
2021-06-15,75893.0,97290.63889179127,48645.319445895635
2021-06-16,75751.0,96528.06180128829,48264.030900644146
2021-06-17,69009.0,95628.09132154517,47814.04566077259
2021-06-18,66303.0,94622.98742979209,47311.493714896045
2021-06-19,64596.0,93526.47104683542,46763.23552341771
2021-06-20,61975.0,92434.26074906143,46217.130374530716
2021-06-21,61159.0,91398.613295257,45699.3066476285
2021-06-22,59568.0,90376.6951937722,45188.3475968861
2021-06-23,58755.0,89380.80947886252,44690.40473943126
2021-06-24,58107.0,88356.54759066555,44178.273795332774
2021-06-25,58097.0,87314.15275463345,43657.07637731673
2021-06-26,57493.0,86248.33814968773,43124.16907484386
2021-06-27,56886.0,85198.75480833605,42599.37740416802
2021-06-28,56467.0,84252.51466740224,42126.25733370112
2021-06-29,55608.0,83231.07833628014,41615.53916814007
2021-06-30,55260.0,82181.10180287324,41090.55090143662
2021-07-01,55355.0,81143.9165575478,40571.9582787739
2021-07-02,54384.0,80143.39576686316,40071.69788343158
2021-07-03,53758.0,79189.45552466219,39594.727762331095
2021-07-04,54290.0,78381.12638089355,39190.563190446774
2021-07-05,55110.0,77831.73085687052,38915.86542843526
2021-07-06,55563.0,77348.5480464436,38674.2740232218
2021-07-07,54953.0,76881.74204120583,38440.87102060291
2021-07-08,55084.0,76246.11383690897,38123.05691845449
2021-07-09,55294.0,75411.10567020482,37705.55283510241
2021-07-10,55050.0,74383.43265149415,37191.716325747075
2021-07-11,55937.0,73272.69605163344,36636.34802581672
2021-07-12,56716.0,72269.36020970835,36134.680104854175
2021-07-13,56419.0,71436.64363971472,35718.32181985736
2021-07-14,56570.0,70869.34959577714,35434.67479788857
2021-07-15,56214.0,70422.55382639272,35211.27691319636
2021-07-16,56451.0,70062.54276627858,35031.27138313929
2021-07-17,56906.0,69724.94203156597,34862.47101578298
2021-07-18,56456.0,69423.88414362916,34711.94207181458
2021-07-19,55474.0,69246.14591613322,34623.07295806661
2021-07-20,67950.0,69596.25021862325,34798.12510931162
2021-07-21,67908.0,70231.67300758537,35115.836503792685
2021-07-22,68247.0,71008.91508549282,35504.45754274641
2021-07-23,67306.0,71748.20693072128,35874.10346536064
2021-07-24,69463.0,72375.95137288168,36187.97568644084
2021-07-25,69693.0,72814.33622923131,36407.168114615655
2021-07-26,70306.0,72915.53706591517,36457.76853295758
2021-07-27,59428.0,73158.23024926554,36579.11512463277
2021-07-28,60999.0,73497.91891436694,36748.95945718347
2021-07-29,63003.0,73948.17963634965,36974.08981817483
2021-07-30,64786.0,74402.29630972793,37201.148154863964
2021-07-31,64434.0,74887.92017893532,37443.96008946766
2021-08-01,64261.0,75358.46026389569,37679.23013194784
2021-08-02,64630.0,75784.51832977051,37892.259164885254
2021-08-03,65092.0,76195.03958535213,38097.51979267607
2021-08-04,65437.0,76599.08998764398,38299.54499382199
2021-08-05,65586.0,77047.45620099665,38523.72810049832
2021-08-06,66635.0,77550.46130743307,38775.230653716535
2021-08-07,66353.0,78131.93653382115,39065.968266910575
2021-08-08,66723.0,78695.01976085847,39347.509880429236
2021-08-09,67147.0,79169.41290441279,39584.706452206396
2021-08-10,68313.0,79620.61142003792,39810.30571001896
2021-08-11,67691.0,80048.83099113851,40024.41549556926
2021-08-12,66995.0,80486.82870423394,40243.41435211697
2021-08-13,67719.0,80995.66536715871,40497.832683579356
2021-08-14,67798.0,81586.94214436728,40793.47107218364
2021-08-15,67575.0,82153.10025985722,41076.55012992861
2021-08-16,68374.0,82658.97921624944,41329.48960812472
2021-08-17,67579.0,82723.35882087037,41361.67941043519
2021-08-18,68422.0,82524.54295046559,41262.271475232796
2021-08-19,68759.0,82210.57525407853,41105.287627039266
2021-08-20,69088.0,82013.56295182204,41006.78147591102
2021-08-21,69188.0,81953.69214493375,40976.84607246688
2021-08-22,69478.0,82055.42922270497,41027.71461135249
2021-08-23,69828.0,82535.75112393183,41267.87556196591
2021-08-24,70179.0,82946.01317257978,41473.00658628989
2021-08-25,70687.0,83297.8346671957,41648.91733359785
2021-08-26,70772.0,83559.91438685598,41779.95719342799
2021-08-27,70638.0,83881.9419895278,41940.9709947639
2021-08-28,70368.0,84169.95432895518,42084.97716447759
2021-08-29,69657.0,84364.93951882629,42182.46975941314
